source,target,weight
20372,14793,2
20372,16008,2
27533,14314,3
20768,16011,1
27544,9216,1
26415,13107,0
26019,16008,3
12527,16034,1
12417,15923,1
27567,16034,5
27432,16027,1
21608,16036,0
27581,16049,4
21044,16048,0
23305,16055,1
27250,16040,1
27551,15864,2
27551,11747,2
13727,16062,8
27613,989,-1
836,16066,6
14675,16066,6
8820,16066,2
21608,16070,3
27627,16071,2
836,16060,8
27250,16062,5
27632,16078,1
27632,16078,0
27632,16073,0
12527,16060,11
27581,16076,1
8560,8054,2
26562,16087,5
8560,15832,0
8560,15974,2
23305,16088,1
8560,16087,3
2975,16088,5
13002,16069,2
9728,16073,0
21608,16099,1
13727,16078,1
13002,16023,0
13002,16021,0
21608,16107,1
20354,14222,0
21608,16110,0
8517,11940,0
18416,15535,1
19161,16117,1
27432,11940,0
27432,14964,0
27250,16122,0
21608,16128,2
21608,16124,1
21608,16131,0
24742,16107,0
17618,11043,2
27432,16131,0
27426,16131,1
24996,16119,2
27551,16119,1
8820,16140,3
23305,16140,5
27632,16128,0
27632,16115,1
924,16087,1
27702,352,0
21608,16150,1
25174,16122,0
27712,16155,1
8820,16165,0
26050,15662,2
599,16165,2
599,15662,1
26050,16143,1
21749,16176,5
27450,15984,0
26596,11159,0
26596,11721,1
26596,11750,1
26596,14527,0
27426,16191,0
27760,11721,1
5091,11729,0
27551,16154,0
27551,16114,1
27003,11721,0
21024,16182,1
14904,16182,0
27551,16206,1
27780,16206,4
27632,10695,1
27632,16177,1
27632,16104,0
20933,16098,0
20933,15962,1
25295,16218,1
21608,16207,0
9123,16225,2
27827,14065,1
471,16231,1
21608,16235,1
27426,16128,4
27432,16243,3
24945,16243,2
26917,16219,2
21608,16247,2
13727,16251,7
924,16237,1
27760,6318,0
924,16251,5
21024,16252,0
836,16246,7
2576,16159,1
27724,16186,0
27632,16232,2
19263,16229,0
26394,16265,6
21608,16268,1
21608,16261,1
26050,16272,5
8878,11131,0
8878,15140,2
21262,16266,2
27900,8941,0
21608,16266,1
21024,16280,0
27760,8941,1
12341,15697,1
24996,16285,3
14675,16297,1
19255,16179,0
21,16295,6
18416,16298,1
836,16295,4
27250,15699,0
8820,16298,2
18626,14346,1
18626,15878,1
381,16315,0
16853,16315,1
9123,16317,2
26394,16326,4
26394,16324,1
23305,16323,0
27973,6107,3
26050,16325,0
26394,16333,2
27984,14999,1
24818,12645,1
27983,16323,0
8005,16339,0
381,16348,2
26243,16348,1
20492,16348,1
21024,16361,5
26243,16347,2
8830,16363,3
28031,16363,1
23305,16371,3
924,16371,1
28034,6232,0
28034,527,0
20907,16325,1
28040,15328,1
26394,16347,1
25934,16370,0
25800,16380,1
27632,16380,0
381,16395,0
9123,16395,1
28086,16399,2
924,16389,3
28092,10541,-1
28086,6107,-1
27983,16395,-1
27992,9915,1
28129,16416,4
28127,6084,1
28129,16411,4
21608,16422,-2
21608,16424,2
28086,16422,2
21608,16428,0
28161,997,0
26243,16370,2
25800,16349,1
27741,16179,0
26562,16444,5
9123,16448,1
8792,16179,0
27989,16448,0
27989,14181,2
17020,16446,1
17020,16163,1
28209,16433,0
28209,16280,3
19046,16463,0
26562,16463,8
28222,13490,12
28129,16422,5
15527,16441,1
15527,16357,2
8560,16480,0
28129,16472,3
21,16485,1
12903,16363,2
21608,16488,2
27989,16490,0
28234,16475,1
5380,16374,4
24215,16494,1
1077,16404,1
16853,16346,2
28228,16346,1
21775,12974,0
25800,16514,0
28285,12366,0
21608,10612,-1
16853,16510,2
27943,15457,3
27432,16525,1
19161,16511,3
14675,16529,5
12515,16510,0
15527,16510,3
21433,15322,1
25800,9131,0
924,16532,6
21749,16546,1
28328,16542,1
23380,16542,0
836,16553,1
27551,16513,1
16590,16545,5
26394,16558,1
20492,16563,4
15527,16546,1
26394,16560,2
2576,16542,0
2576,16511,1
15412,16570,2
16853,16464,2
8152,14264,0
843,694,0
2454,14289,0
14372,16586,2
28328,16580,0
25800,16599,2
836,16601,7
28194,15589,0
28384,16586,1
28384,16553,0
19014,16609,4
21024,16587,0
836,16620,7
23144,16625,0
13891,16624,2
26243,16624,4
9053,14527,0
8560,13175,2
8560,16622,1
924,16616,3
27906,16379,0
836,16639,3
21608,16640,1
21608,16646,2
28482,16620,2
25157,16569,1
28488,16616,1
21608,16653,0
21608,16653,-1
14906,16346,1
23305,16644,1
17020,16349,0
26243,16653,1
25504,16666,1
28456,6355,0
26019,16658,1
21608,16676,2
836,15485,1
8005,16678,0
28528,15135,1
25571,155,1
17290,16616,1
471,16684,0
20800,16689,0
23305,16689,3
9123,16693,0
17640,16693,1
14675,13295,1
21232,16699,4
17290,16700,5
23305,16693,0
28581,16708,0
20492,16708,2
28587,13990,1
21608,16713,2
836,16717,3
17208,14998,0
17208,16706,1
28611,9832,1
28586,16729,1
28586,14251,1
28628,16099,0
28628,16736,2
28628,16692,3
28628,16446,3
836,16729,2
28628,16548,0
28628,11332,1
28367,16585,0
28628,16746,1
26243,16728,0
28628,14812,3
28628,16751,1
4770,16754,1
836,16757,1
28628,13750,0
9616,16127,2
471,16773,1
28628,16773,1
21608,16767,2
28628,16705,4
28628,11843,1
28677,10278,0
23204,11745,2
8152,16124,0
28628,16783,0
26907,16783,0
12384,16770,1
26243,16791,7
15527,16769,2
924,16790,1
28714,13754,0
14372,13754,1
28628,12645,10
16853,16800,4
21195,12645,2
28628,16789,0
28714,16800,0
14675,16805,1
9123,16643,3
28628,16797,6
8820,16807,3
27250,16807,13
14675,16805,0
15685,16815,3
27704,16819,1
27432,16825,0
8820,16826,1
28750,12865,0
28628,16826,1
14675,16831,1
28628,16831,0
25755,15670,1
11097,16843,1
17003,16843,1
8560,16840,2
26243,16848,1
28628,16848,0
28628,16850,-1
8005,16839,2
9123,16850,2
28807,13185,5
14675,16857,4
8005,16840,1
28820,12124,0
26243,16864,0
8560,16860,6
8560,16805,1
28849,13818,0
28014,16873,0
27107,16871,1
836,16881,6
28628,16252,1
21749,16889,3
26243,16893,2
16971,16889,1
8560,16159,0
23614,16889,1
14675,16890,8
27250,16904,6
28628,16904,14
12202,16902,0
860,16911,3
26243,16900,0
26243,16916,1
28922,15699,1
28924,13188,1
18540,16904,5
21608,16922,3
19161,16930,3
26243,16940,2
28965,10459,12
28966,16817,0
28922,16939,1
28628,16948,1
28628,16953,0
836,16961,0
28628,9325,-1
27873,6435,1
23144,16965,0
13232,9456,1
24240,16959,0
924,16959,0
2961,16976,2
18626,16961,1
29010,10338,1
9123,16991,0
836,16985,1
29025,14568,0
29025,9325,0
29026,16995,0
14310,16999,1
26024,16928,0
29054,15110,5
26243,17013,2
8752,16869,0
26243,17017,0
14310,16918,1
29083,16399,7
28628,17027,0
14310,15885,2
29083,17024,9
29086,17027,1
25759,17036,0
26394,17036,0
28628,16984,0
28628,17040,1
17959,17041,0
8005,17041,2
17208,17033,2
26394,17047,2
8792,17041,0
13727,17052,1
471,17055,4
28628,17057,1
10620,16649,1
15527,17049,0
28628,17064,6
15711,17066,1
26562,17074,1
26562,17031,5
13727,17072,4
29223,15328,8
29217,17083,1
15527,17095,0
8560,17079,2
29249,334,0
28922,17079,0
28628,17080,1
28628,17095,2
28628,17110,1
28011,15313,0
17208,17113,0
26562,17119,2
9123,17124,0
9123,17118,1
27250,17125,0
28628,17126,0
836,17128,3
8878,17114,0
17208,17072,2
17208,17116,1
29083,17099,11
10169,17096,4
18665,14883,2
19161,17143,0
18540,17135,8
15620,17140,3
29340,17151,0
24593,17157,1
29362,17121,0
28628,17158,1
12280,17169,2
12280,16488,1
16915,16640,1
12280,17147,1
16915,15965,0
12280,16558,0
12280,919,0
21,17169,1
29365,17165,1
29392,15296,2
836,17181,1
13727,17186,2
29408,17187,0
836,17189,1
29412,14991,1
29412,16991,0
29419,16535,0
28628,17193,7
28628,17207,3
12384,17168,4
28938,16959,0
12384,17157,6
28628,17213,0
28628,11868,1
29435,17187,1
14675,17219,1
21749,17216,1
24593,17223,0
28628,17220,0
471,17220,0
29169,17230,0
28628,17233,0
9123,17235,1
26243,17237,2
29461,13058,0
924,17216,4
29457,17244,-1
12384,14788,1
12384,16613,1
28780,17220,1
836,17241,7
13727,5292,1
5143,17244,2
29335,17151,0
29479,17237,0
4855,17258,0
17208,17258,2
29353,17156,1
16220,17258,1
924,17227,1
28628,14179,0
12792,14905,0
29217,17258,0
17696,16587,1
29513,17283,0
19161,17283,3
836,17287,3
15620,17281,2
25867,17281,2
28628,17282,9
108,17274,1
13727,17294,1
29365,17181,1
12384,17303,1
28272,17286,0
15620,17309,1
6403,17263,3
29556,2368,0
8560,17324,5
29576,155,2
676,17324,4
29435,17328,0
29582,17322,3
14904,17328,3
14372,17322,1
29582,17321,1
29587,17324,3
29456,2368,0
4647,17341,2
8560,17276,4
29534,17335,2
27562,11454,1
8560,9699,1
8560,13120,2
29587,17328,-1
29587,17333,0
9123,17352,2
24000,17288,3
471,17333,4
8262,16584,0
28628,17362,2
836,17364,4
19214,17178,-1
29616,17358,-1
924,17368,3
24412,17317,1
15620,14222,0
29685,17308,2
27632,14676,1
29690,17021,3
29692,17380,2
29692,17308,0
15685,17375,1
27632,17401,1
13727,17402,2
13382,14964,1
29714,10545,1
29714,10615,2
24158,17391,0
14904,17421,2
14904,17416,2
1077,17328,-1
836,17415,3
25507,8909,1
23305,17433,2
9123,17433,2
29744,16935,1
29746,9767,1
836,17436,2
29749,17414,2
13821,15135,4
836,17444,5
15480,17444,1
1077,13304,3
28628,17452,0
28628,17455,1
29587,17455,2
29788,17461,3
29799,17455,0
29801,15387,1
381,17470,3
676,17463,1
23305,17370,2
10620,17370,2
28694,17458,0
28628,17485,1
28628,16413,1
28129,17491,2
2576,17494,0
29799,17485,0
21024,17447,0
2454,17447,0
23240,17485,0
29587,17501,0
29587,17504,0
9197,17510,1
836,17516,4
19014,17507,2
924,17507,1
28628,17525,3
28628,17522,1
28628,17513,2
28628,17500,0
29896,17536,6
29905,17533,1
26562,14530,1
21024,17548,5
29916,5706,1
29915,406,0
29905,17460,0
29905,17427,1
29922,13249,-1
29897,17540,2
29905,17555,1
8820,17539,1
836,17550,2
29399,17518,1
29949,761,0
29953,17461,0
13727,17572,2
29960,17574,3
378,8457,4
29723,17578,1
676,17582,1
29723,17427,0
29723,17536,0
15527,17589,0
28628,17578,5
29987,17431,1
676,17598,9
836,17598,13
29534,17583,1
28129,17604,1
28129,17592,1
28129,17567,1
29878,15553,0
29587,17616,5
29587,17621,1
28295,17624,0
29905,17626,2
30038,17630,1
27396,17628,1
29746,11930,0
30043,16817,2
30048,17635,2
17208,17635,1
28628,17636,1
28628,17594,1
13727,17645,5
30036,17631,1
28628,17638,2
28628,17620,2
26643,17559,5
836,17655,2
29931,17565,0
30071,15094,1
29723,17654,2
836,17664,0
28129,17654,2
29931,17671,0
9867,17673,1
28628,17678,0
836,17677,1
695,17681,2
30147,13504,0
10824,17698,1
30166,17578,0
27704,17671,3
676,17710,2
13413,17711,0
25905,17709,2
15412,17710,0
471,17698,1
23305,17718,2
23240,13672,0
30189,11430,0
17696,17719,0
30006,17640,0
13727,17724,0
28129,17727,0
13727,17721,1
22000,17727,0
28482,11928,1
22000,17733,0
30212,17721,3
30212,13672,0
30212,17695,0
30212,17374,0
14675,17737,2
23773,17645,0
23773,17727,0
30179,16895,1
27704,17737,3
18513,17507,1
17240,16454,1
10904,17755,0
10904,17469,1
14310,16205,1
30240,17759,0
14310,17629,0
28628,17759,1
21024,17629,0
29788,10025,1
28628,17769,0
15412,17769,1
14310,16184,3
19161,17773,2
26675,17781,0
9257,17777,1
8560,17781,0
19014,17773,1
2742,17675,1
381,17675,0
9123,17791,3
29788,17350,3
29960,17794,4
25217,12697,2
30240,17793,0
30240,17799,0
28129,17793,1
28129,17799,1
30212,17800,1
14675,17809,1
24895,17802,1
19161,17814,0
29217,17787,1
8560,17783,2
8560,16902,1
21433,17783,1
29353,17822,0
12408,17809,0
23305,17809,1
30107,17830,2
8560,17755,3
21024,14761,1
19275,13212,1
836,17839,3
10169,17532,1
30325,17822,0
30212,17810,1
381,17850,0
29714,17407,2
17290,17837,1
18626,17860,2
28337,17867,1
30107,17854,1
30385,17862,3
30385,17873,1
17696,17873,3
24895,17888,2
8560,17857,4
30370,17868,0
8560,17859,0
17696,17755,0
30043,17876,1
19275,2368,0
30210,17872,1
11007,17899,0
30212,17903,1
30425,13216,14
29217,17896,1
29587,17910,1
29587,16640,2
8149,17865,1
18843,17917,6
29788,17911,4
836,17916,1
30459,11912,2
29587,17927,-1
29353,17927,-1
29788,17927,4
29587,17931,1
29587,17925,0
26394,17923,2
29587,17942,1
30408,17934,2
29788,17941,2
13727,17917,1
30527,10228,3
30520,17755,1
30240,17956,0
29587,17956,5
18513,17953,2
23581,17964,1
30212,17961,2
30173,17713,1
20372,17314,12
30212,17947,1
18513,2466,1
30542,9731,1
15620,17947,0
15620,17970,1
30408,17977,3
30408,17968,1
30567,17988,2
30575,9785,3
30578,14428,0
29960,17991,1
30107,18000,0
8560,18001,3
29587,18001,0
25915,17988,1
24593,17999,2
26394,17996,1
23708,18014,1
30623,18013,1
2961,18018,5
6448,17980,0
30212,18025,1
30212,18017,2
29587,18025,1
30212,18012,1
29793,18025,0
29173,155,1
26444,18036,0
29587,18017,1
30212,18036,0
924,17997,1
924,17991,2
25481,16350,2
6550,17014,0
13727,18056,3
30252,17522,0
9123,18045,3
836,18062,1
28129,18067,0
9123,18067,0
378,16835,6
12919,18066,1
17696,18066,1
29217,18045,1
30408,18071,2
21232,18082,1
30538,18079,5
30635,18089,1
15620,18086,3
11113,18080,0
7763,18093,1
836,18088,1
28129,18088,3
9123,18101,2
836,18103,3
30637,18082,0
18516,17819,0
8560,17910,3
8560,18075,1
30107,18064,0
30408,18100,0
22065,18042,0
30408,18119,0
9123,18123,4
30781,18123,0
30788,11485,-1
30624,18132,0
12202,18132,1
30408,18134,0
24895,18134,0
14675,17021,4
30810,17986,2
30810,17987,3
30810,18048,0
30810,18081,4
836,18143,2
30818,14676,1
30408,18140,1
836,18093,5
8820,18158,4
30212,18141,3
16853,18056,2
16853,18066,4
8560,18156,3
836,18152,2
30846,13026,0
8878,18167,3
28129,13750,0
28129,13706,2
381,18187,0
30408,18177,1
381,18191,1
26394,18177,0
30812,14838,1
29960,18177,0
30890,17216,6
30538,18202,-2
836,18206,0
30408,18199,2
14003,18208,1
14003,11186,2
30408,18221,1
14003,17254,0
14003,18217,1
28743,18226,1
30935,17504,1
30935,18224,-1
9123,18224,0
26394,18236,2
30928,12851,1
29644,18236,1
30408,18250,0
11097,18258,10
30982,18258,4
30624,18218,2
29217,18180,1
30624,18180,1
9123,18264,2
30810,17279,1
29217,18271,1
30624,18280,3
31021,16888,0
836,18286,1
15885,18280,3
14588,16888,1
30107,18292,1
14003,15583,1
26814,18280,0
18055,14677,1
31047,16455,1
19161,18280,2
31046,18289,3
31052,18308,2
31052,18303,2
8820,18289,2
5055,18313,1
8820,18286,1
26814,18262,0
15361,18303,2
15946,18324,3
30635,18268,0
30212,18325,1
30212,18300,0
30982,18325,1
30982,18318,2
5055,18317,1
31089,18331,0
19161,18331,1
5055,18279,2
30212,18295,3
31046,18325,0
31102,6345,1
2576,18339,5
836,18339,4
5055,18349,2
5055,18360,0
2840,12799,5
2840,18295,0
15361,18368,0
9123,18374,3
30507,10745,6
5055,18381,1
6518,17294,2
29582,18384,0
31154,15094,1
15946,18390,1
31187,6854,0
17696,18396,3
9123,18403,2
8820,18396,-1
27768,18403,0
30408,18390,2
8820,18414,7
836,18416,7
16538,18418,2
31152,17430,0
836,18433,3
31275,18283,0
8560,18427,3
31282,18432,2
31282,18437,4
31293,18416,0
26814,18447,3
31311,17728,2
2975,18451,1
29217,18450,0
19161,18462,0
30928,18465,1
8560,18468,0
8560,18456,0
15946,18475,3
30212,18478,3
30212,18481,0
29587,18481,1
31384,10228,2
15620,12910,0
10620,18450,1
17177,18488,0
31399,6052,1
19161,18495,0
31346,18478,0
31409,17382,0
31364,18477,0
836,18487,2
29217,18506,1
31434,15707,1
31434,17501,1
31434,18506,0
17,18515,1
31346,18488,-4
31446,18518,1
15412,18518,0
30107,18516,1
10517,18522,3
31434,12964,0
30048,18518,0
31446,18535,0
15361,16448,0
31488,17885,0
18465,18539,1
9123,17125,1
9123,18550,0
8560,18557,2
31513,16958,0
8560,18566,2
26856,18550,0
29788,18556,0
29788,18572,2
14904,18578,0
31564,17972,0
29534,18558,0
27983,18581,2
29534,18577,0
30928,18583,12
16538,18588,1
27983,18588,0
14152,18578,0
2511,17641,1
16538,18597,2
23305,18597,1
29788,18562,2
9420,18597,2
27873,18595,1
836,18605,0
31600,18609,1
27873,18614,-1
31618,18614,1
24724,17776,0
31627,6838,0
31627,12281,0
16538,18623,1
28556,18626,5
9388,11025,0
19161,18554,1
31663,14291,1
27873,18618,2
19161,18642,1
31627,18642,1
12515,18641,2
31151,6798,5
30099,758,2
30986,11619,10
27873,12528,1
31399,18494,0
30675,18663,2
8820,18626,6
381,18676,1
30107,18684,0
8560,18668,3
31722,18684,0
31775,17506,1
31775,12017,0
31154,17854,2
31785,18442,0
30212,18679,1
836,18695,3
836,18712,0
29217,18713,2
836,18713,1
31723,18674,1
26917,18689,0
31846,13490,22
2932,16994,2
29217,15923,0
836,16027,1
381,18687,1
10556,6165,0
31889,11930,1
31245,18731,0
5041,17648,1
30982,18742,0
30982,18731,-1
27983,18746,2
29217,18748,0
381,18755,0
30212,18755,0
29208,18670,2
23204,18760,1
23204,18754,1
23204,18715,2
836,18762,1
10345,16309,1
21,18770,2
21608,18769,1
8005,18719,0
14904,18764,3
31975,18690,2
31977,11485,1
31627,18783,0
7714,18788,2
836,18797,1
836,18802,2
30107,18780,2
9085,18804,4
13727,18782,3
32012,18810,5
9085,18778,0
30928,18814,1
381,18818,4
32045,16342,7
27983,18817,0
3077,18817,2
3077,18782,1
29217,18831,0
14675,18828,0
836,18836,5
8560,18828,0
32045,18844,0
32045,18830,0
14904,18839,2
18369,11159,0
30212,18856,1
32104,17885,2
836,17650,0
9584,18860,4
17290,18750,0
30928,18871,1
32119,16699,0
32119,12797,0
31513,12129,1
32119,13066,1
9085,18866,2
29587,18489,2
32119,13948,0
30212,18890,0
30212,18887,1
9497,18629,0
32119,18880,0
13727,18822,0
14904,18898,2
31513,761,2
31513,17500,1
30107,18904,0
11007,18904,0
843,18907,5
16538,8983,3
10345,18911,0
836,18912,3
31513,18915,2
14904,18920,2
32177,18913,1
924,18760,1
14904,18919,3
32189,12575,2
30212,18931,0
9123,18920,4
9123,18935,0
15412,18944,1
23581,18942,0
836,18940,3
32215,5178,1
32215,758,2
32215,14998,0
32230,18956,2
31245,18953,0
31245,18952,0
30107,18970,1
14904,18972,0
30212,18976,0
836,18968,2
26562,18984,2
32292,18848,-1
15412,18996,4
20524,18970,0
30212,19002,0
30212,18989,0
32307,19002,0
12241,18991,1
30212,19005,0
836,19005,0
7829,17791,4
32189,4836,1
381,18983,2
836,19020,3
31513,18822,1
29587,19029,2
30212,19035,1
836,19010,2
31513,12851,2
31513,13073,0
924,19042,3
32377,11047,0
14633,19044,0
23305,19048,5
19161,19048,4
30212,19051,2
29801,4967,0
32177,19054,0
8792,18828,0
32393,19007,0
30928,19054,2
31822,19035,1
24651,18933,0
31446,17540,1
836,19072,0
31822,19077,1
32417,18828,1
836,19077,3
30212,19081,1
8560,19062,3
8560,17036,0
31822,19081,1
836,19099,4
14675,19040,2
17696,19105,0
9123,19112,7
17208,19112,5
17208,19102,1
30928,19116,1
32511,19108,0
381,19125,0
32433,19087,0
8370,19138,2
8370,19143,1
14904,19146,2
32584,19153,1
30212,19150,0
32587,19163,0
17696,19124,0
32554,19150,1
14675,19170,7
8878,19137,1
14675,17134,-1
21608,19155,0
32177,19170,1
21608,19167,1
17208,19131,1
381,19174,5
32627,19140,2
20945,19187,0
20374,18991,1
30212,19191,0
30212,19168,0
31216,19202,1
32660,19202,0
32664,14466,0
32650,18577,3
29587,19211,3
8560,19186,4
31434,19207,0
381,19223,6
31822,9131,0
32164,19227,0
30212,19184,1
8370,18938,2
10169,19119,1
30928,19220,0
29587,19220,3
32177,17868,0
29587,17868,1
32697,19107,1
31434,17286,0
31434,12649,1
381,19243,3
8560,19199,2
20492,19227,0
32711,12956,8
695,19250,1
32723,19197,2
31245,19247,1
30212,19256,0
32697,19254,2
31216,19256,0
9123,19259,1
924,19172,1
31434,19196,7
31434,18013,2
14904,19273,1
28337,19276,2
32749,19019,1
32686,19223,2
31434,19280,6
27250,9945,0
695,19280,4
32764,17230,2
8560,19284,1
8560,19268,0
9053,19280,0
16024,19107,2
836,19302,2
32793,19162,1
32764,19305,1
32764,19290,1
32686,19276,2
17290,19108,1
32806,19301,2
17290,19293,0
32805,19301,2
32805,19283,1
28337,10523,0
32816,19317,1
32686,19127,1
8370,19283,1
32664,19319,0
14675,19323,1
14675,19283,1
30212,19329,0
836,19272,6
20517,6744,0
32429,19308,0
30212,19341,1
20517,19271,2
32805,19268,0
32686,19349,0
30048,19348,0
18434,16306,4
32805,19349,0
14675,19352,1
14675,19357,5
14904,19359,1
32872,10932,6
8517,19348,0
32873,18903,7
14904,19365,2
14904,19367,1
3044,19220,6
32877,9036,1
836,19378,2
17122,14368,1
14904,19380,1
836,19385,0
30212,14864,0
16024,19391,1
29587,19392,3
14904,19397,1
2932,19365,4
32926,19400,1
21433,19396,0
29575,19406,1
32946,17514,3
32686,19390,0
29217,19402,0
836,19407,0
32848,19305,0
32926,19395,1
8370,19405,3
30928,19425,0
32686,19430,1
381,19430,3
26562,19436,1
23305,19438,3
924,19443,1
14904,19439,0
555,19452,7
14904,19455,3
30578,19141,1
30578,19456,3
836,19462,1
30212,19429,1
14372,19465,0
14904,19471,0
32230,19466,2
2932,19478,1
2932,19482,4
30212,19479,4
30212,19477,1
24593,19449,0
29575,19476,2
32130,19471,0
27265,8358,0
29217,19427,0
33091,19097,0
33092,4977,0
16024,19481,1
26700,12500,3
26700,16088,1
33095,19499,1
14675,19504,3
12473,19427,0
33106,15393,0
2932,19493,1
1077,19343,1
17177,19432,3
29575,19514,1
23380,19523,4
30212,19527,0
17208,19523,4
30212,19536,1
23305,19538,2
381,19543,0
17177,19545,0
17177,19546,0
4881,19493,1
17177,16762,1
924,19530,1
17290,19536,0
26700,15733,1
108,19558,0
32230,19555,0
14675,19557,1
33202,12775,2
23305,19322,1
12515,16762,1
381,19562,2
32686,19575,0
33020,19575,0
836,19578,2
33226,19584,2
33226,19571,0
14675,19586,3
14904,19591,1
32230,19591,2
14675,19595,1
14560,19589,0
33020,19602,2
33020,19606,1
22012,14581,5
836,19620,3
30928,19625,2
30036,19620,0
31245,19626,4
33237,19631,1
8370,19638,2
30048,19605,0
14675,19643,1
30335,19649,1
924,19648,3
2932,19605,4
12515,19653,4
33326,19381,0
18843,19611,2
33333,18854,0
108,19670,0
2932,19671,2
33353,19648,3
33353,19679,5
33368,19129,1
32686,19687,2
836,19692,5
32164,19641,1
32164,19682,1
33390,19682,2
26899,19689,2
26899,19615,1
26899,19583,0
836,19700,6
33020,19707,1
33353,19699,0
11007,19707,2
2932,19714,5
33353,19517,0
26899,19711,2
2932,18368,1
12515,19714,2
12515,19685,2
12515,19711,3
26444,19726,1
33407,19681,1
33407,19240,0
32805,19732,1
14675,19735,0
29217,19737,3
1289,19653,2
33429,11404,2
14675,19742,1
33188,19615,0
33353,19748,0
29217,19748,0
14560,19748,0
33447,711,3
23305,19755,3
23305,19768,1
33453,19758,2
836,19770,5
31822,10557,0
31822,19755,0
33447,19782,0
32230,19786,1
358,18258,3
32686,17430,1
13727,19612,2
27114,19798,2
27114,19612,5
33202,19630,4
33530,19805,1
358,19814,2
26444,19814,0
33538,19797,1
33540,11751,1
16212,19819,0
33551,19809,2
836,19819,1
8878,19794,0
1257,4944,0
33567,5226,1
8370,19612,2
33478,19814,0
5233,14998,0
33584,17070,1
8370,19790,4
33598,19844,3
28685,19849,2
19046,19850,4
33612,14331,0
32440,19858,4
7939,19847,0
836,19860,1
33603,19858,1
23708,19853,1
33598,19869,6
30928,19857,1
33646,19870,1
30212,19872,3
33658,19858,0
33663,17479,0
17696,19874,3
836,19874,7
29575,19888,1
33689,15328,0
33603,19897,1
30381,19893,2
33693,19897,0
30519,16948,0
33701,19908,0
33701,19858,0
33603,19911,2
33713,14142,0
25454,19892,0
33646,19911,3
32440,19854,0
23305,19865,3
12515,19896,2
8904,19893,0
33701,19925,3
381,19163,0
108,19901,4
33272,19858,0
33646,17114,0
32429,19882,1
23305,19940,0
33781,19943,5
33781,16045,1
17696,19167,0
33811,13438,1
33812,19951,2
33812,19947,0
33825,18820,1
33258,223,1
31188,11930,1
15412,19965,1
27983,19964,0
33841,11220,0
836,19971,6
33854,989,3
6391,19977,4
24593,19980,3
33781,19983,1
33878,19972,1
836,19951,2
14904,19990,1
8370,19991,2
30212,19995,2
33738,19869,1
924,19991,2
33852,20001,0
31822,19995,3
33877,19987,0
32906,8775,0
15496,18528,0
33955,20006,0
33967,20026,-1
33934,19933,2
8041,20036,1
33287,20031,1
33603,19933,2
836,20024,4
24593,20031,0
33934,19713,0
33603,20025,1
30538,20030,0
30212,20052,-1
30212,20045,0
34006,20061,0
6648,20013,1
31093,20064,0
30212,20064,1
21608,20076,5
33540,20075,2
33970,20071,2
30212,20077,2
30212,20086,0
836,20087,1
33934,17471,1
34083,5443,1
30212,20102,1
31736,20100,3
15847,10025,1
8214,20105,0
33540,20113,3
29575,20118,1
8878,20120,2
34130,20113,3
18626,20098,3
33603,20100,1
34153,20123,1
34153,20114,1
34153,20132,5
34153,20095,1
30212,20118,1
836,20139,0
31154,20143,1
31154,20118,1
32130,20104,0
34165,20104,2
34165,20136,1
1330,20129,1
1330,20125,1
1330,20036,0
1330,20074,0
1330,20051,0
31046,20074,0
21608,20168,1
14588,20173,1
836,20169,0
34204,6107,8
836,20178,1
33738,20084,1
34223,9850,1
14588,20177,0
30212,20186,1
34238,9588,0
30835,13746,3
33499,20179,1
26127,20199,0
24000,20199,2
29217,20156,0
8370,20198,3
34269,20208,2
34116,20201,2
34269,20200,1
1330,12330,1
27342,16637,1
28523,20208,5
33603,20213,0
33603,20208,2
33603,20201,0
836,20222,5
2576,20075,1
2576,19980,2
82,20075,0
34269,20236,2
34130,20208,1
34177,20237,2
34310,18087,2
32402,20237,1
30835,18186,3
6648,20235,1
836,20247,2
19000,20172,1
924,20248,0
836,20170,3
9257,20248,0
32901,19377,2
29208,20219,1
16922,13513,1
35384,20277,2
35394,20283,0
82,20286,1
34116,20286,1
82,20291,0
16024,20291,2
836,20296,10
21755,974,0
1330,18249,1
35421,989,1
30212,20289,1
1330,10057,0
1330,11524,1
24000,20308,4
1330,9472,1
24000,20319,0
17177,20319,0
18641,20326,1
33841,10885,0
33841,12226,1
34130,20304,3
34130,20339,0
17177,20339,0
34130,11340,1
33716,20170,2
35472,11661,1
34269,20327,2
26559,20345,1
23305,20304,3
1330,20354,1
1330,20345,1
24696,20360,1
35491,20356,2
35491,20349,1
29587,20372,2
29587,20329,2
27581,11661,0
35481,20372,0
34333,20319,0
35521,12727,3
15915,20367,0
35496,17921,1
25454,20367,0
33812,20393,0
8370,20397,1
29587,20392,2
35573,13727,0
7922,18026,2
924,20416,0
836,20418,1
836,20405,0
14906,11852,2
16853,20237,3
8370,20423,1
35602,20409,0
33812,20421,0
33812,20430,2
1330,20407,2
31822,20422,1
836,20404,1
15828,20438,0
33922,20435,0
8560,20406,3
34153,20414,0
5247,16532,0
5247,20166,1
5247,14885,1
35657,14187,0
14588,20414,0
35650,11220,0
35650,11247,0
35679,13756,0
35679,13422,0
31434,20413,0
35685,14331,0
30536,20472,6
35701,8278,0
34130,20474,0
34130,17678,0
35714,20472,2
19161,20474,0
35716,20472,3
29587,20485,1
35718,20469,3
35718,20442,0
924,20471,0
24011,20125,0
24011,20084,0
836,20493,2
14588,20491,0
27114,19025,2
35679,18572,0
836,20506,2
35656,20505,0
35764,15032,3
34130,20507,1
30212,20504,1
33812,20499,0
19161,20520,0
1330,20521,1
1330,20511,0
33338,13216,1
33738,20511,1
30464,20522,1
35718,19805,0
14588,17036,0
836,20535,6
35807,11467,0
27983,20430,1
35817,20548,3
1330,20546,1
1330,20543,2
35541,20547,1
35718,20541,6
34153,20525,1
27114,20555,1
25426,20308,2
35795,8129,-1
35718,20546,2
8560,20536,2
35718,9222,0
29217,20554,1
14904,20573,2
6648,20582,3
35718,20593,1
6477,20594,1
33922,20604,8
29575,20601,2
29575,20587,2
17538,21618,1
24000,21610,3
24885,21622,1
24885,21625,0
24885,21627,0
24885,21629,2
24885,21632,5
35541,21632,0
35541,21629,0
35718,17850,0
36971,21638,1
33922,21645,1
15527,20572,1
37002,761,0
32650,10612,0
33701,21668,0
23708,20572,2
23708,17479,0
17538,21666,0
37022,21678,1
33701,21676,0
29217,21677,0
1330,12498,1
1330,21679,3
37086,19840,0
33701,21655,0
37088,17830,0
37088,9762,0
23305,21693,2
37096,11091,0
9123,21701,0
35549,21701,0
35549,10529,1
37108,12237,-1
37109,21707,1
19161,21720,1
1330,12384,0
21,21719,0
31434,21722,0
1330,11975,1
6648,21716,0
381,21729,2
24593,21722,1
24409,21733,0
35902,19947,-1
24409,21744,0
24895,19947,1
33812,21743,2
30212,21749,3
37184,21749,6
1330,21748,1
1330,15477,0
29217,21758,0
33020,21760,1
26239,6789,1
35902,21742,2
35902,21769,0
35541,21765,1
22012,19747,0
33922,21780,5
15527,21782,1
37258,18000,1
37258,21788,1
37262,19987,1
37268,11589,3
35541,21795,2
37280,17227,1
8560,21780,2
8560,20045,1
3546,21810,2
14588,21806,0
37331,19211,0
30212,21828,3
32805,21828,0
836,21821,0
30212,21832,0
34130,21650,1
27983,21794,0
37345,21810,2
37330,21809,0
1330,21840,2
37345,19490,2
15527,21849,0
37371,16843,0
8820,410,2
37109,21866,1
32805,21809,0
37330,21872,0
37330,21870,0
29587,21877,0
12473,11077,0
29587,21870,0
836,21871,1
35541,21883,2
33603,21877,1
35541,21889,2
836,21887,2
30212,21895,0
33137,21902,1
37447,10165,0
37453,21902,6
5041,21800,1
28175,21902,0
35650,20451,0
6648,21863,0
37109,21918,4
924,21719,2
16024,9865,0
31599,21900,0
18626,20529,1
37330,21934,1
26961,20143,1
8878,21919,2
18465,21934,0
23305,21929,4
23305,21942,3
16853,21828,2
836,21955,2
1330,20495,0
1330,16766,0
23305,21954,2
29805,21973,1
1426,21650,1
26121,5226,2
29805,21982,0
2968,21980,0
836,21966,1
1330,21988,0
1330,5427,0
1330,10219,1
35420,20587,0
35541,21994,3
37495,21986,0
25742,21994,0
25742,13059,0
34110,20117,2
37596,22008,1
2454,21945,0
924,21919,0
381,22004,1
27983,22020,0
17290,22024,1
27983,19546,2
37629,22026,1
14588,19527,0
35713,22021,0
30212,22021,2
37630,11024,6
33646,22014,1
1426,22037,0
33646,22026,1
30360,21902,1
32280,21963,3
13833,22050,1
13833,22036,1
37330,22023,0
27983,22055,2
16024,22059,0
37666,22023,0
1085,22023,2
2433,18750,1
31599,18750,0
2433,22059,1
2433,22050,1
14675,22070,1
30964,22072,2
23305,22050,1
14675,22075,2
836,21896,4
37698,18890,0
14904,22094,1
37109,22093,3
30964,22093,6
8878,22051,1
36971,18802,1
35541,22101,1
20492,20587,1
30928,22103,1
37720,22047,0
106,22000,2
23305,22087,0
1330,22088,0
14675,22117,3
24593,22089,1
17538,22073,2
37752,22118,6
30536,12872,1
8820,22118,3
30212,22138,1
14904,22140,0
14675,22140,0
33429,20597,0
37771,22145,5
37626,22145,4
106,22143,1
1330,22137,4
14904,22153,3
2576,22168,1
8432,22145,1
836,22173,1
14904,22177,1
37548,22175,1
34165,22174,1
37830,9819,0
8041,20372,0
37794,22194,2
23305,22194,2
17290,22193,2
836,22205,4
17290,22195,1
37548,22199,3
11097,22191,1
836,22212,4
37899,5706,2
37915,13465,1
14904,22215,1
30964,22228,2
13833,22233,3
21,22234,2
33738,17254,0
35930,22228,1
32697,22153,0
14904,22246,1
1330,15732,0
1330,17804,0
37942,9758,0
36971,22255,2
32697,22250,3
37952,22250,3
26961,16323,0
12942,22269,1
20492,22266,6
14675,22271,2
1330,15085,1
836,22181,1
10345,22281,1
28716,22286,3
18418,22199,1
18418,21713,1
18418,20452,0
18418,20407,1
38014,17513,0
1330,22307,1
2841,22179,1
38032,9850,2
28556,22264,1
28474,22292,1
28474,22281,0
25504,17471,0
2932,22324,5
836,22314,0
836,22260,3
17959,22335,0
14675,22335,44
32697,22335,6
38086,22335,2
37827,22170,1
23402,22343,2
38098,22335,4
30107,22342,1
38096,22342,2
30107,22327,0
38105,22348,3
2932,22340,3
38110,22348,1
2932,22302,1
38112,22355,0
38118,22335,2
24593,22290,1
29575,22337,6
8820,22335,11
37809,22355,0
29157,19647,2
38142,9175,0
2576,22371,1
8878,22371,0
34165,9175,0
1330,12168,1
33338,22387,3
38177,22335,3
381,22408,1
33980,22409,0
836,22407,1
1330,22414,3
29575,22416,2
8754,22335,3
18418,19801,0
18418,19760,1
18418,19654,0
1330,19521,2
1330,16603,1
8501,12253,1
14904,22395,0
8878,22438,1
34165,22441,0
35541,22442,1
38261,8657,1
30212,22430,0
8819,22442,0
32402,22405,0
14517,22456,1
20492,22442,0
38291,22453,2
35596,22016,1
14904,22457,1
21,22470,2
836,22470,3
34165,22453,0
471,22247,1
27114,22299,4
381,22496,3
37330,22494,0
38355,22494,0
38355,22465,0
38355,22395,1
1029,128,0
1029,22301,1
38355,20329,0
1029,22465,0
1330,20012,0
1330,22128,1
30212,22513,1
38371,6546,0
38379,22519,1
33922,22481,0
2932,22523,2
38379,22522,7
33980,22523,0
26700,19704,0
34028,22488,1
11061,20586,1
38400,326,0
37059,9131,0
33466,22537,0
29392,21650,3
34028,22551,2
34028,22553,2
38439,22544,2
924,22550,0
20372,13894,1
38419,22564,1
28685,22565,0
30212,22575,0
17208,22572,2
38470,12886,-1
38355,22581,0
38355,22583,0
34028,22593,0
1085,10005,0
29392,22587,-2
38183,869,0
1330,22568,2
18418,22613,1
38339,22494,1
11097,22545,4
38339,19124,0
38339,22616,1
38339,22598,0
38339,22560,1
8820,22613,0
6391,22574,1
1330,22630,1
9123,22638,1
924,22565,0
31086,22644,3
16024,22644,3
16024,22627,3
31086,22643,0
30212,22650,0
38096,22638,3
8995,8625,2
1330,22662,1
38419,22667,0
38355,18752,1
37808,22665,0
20372,22661,1
38320,21820,0
14588,18752,0
38583,22624,1
21,22678,1
15850,22632,0
38379,22684,1
34028,22687,2
20372,22679,1
2723,22683,1
33738,22639,1
836,22702,1
38419,22699,3
17208,22709,2
17208,22703,7
34028,22716,0
1330,22707,1
30921,15509,0
38663,128,4
6550,22709,1
836,22733,1
38674,22733,0
32762,20031,0
32637,21952,0
38355,22740,3
38657,22740,3
38355,22710,1
31086,22643,0
38695,22740,2
38692,22740,2
1330,22737,1
33922,22715,2
38704,15892,2
1330,5725,1
33922,22658,0
32762,5725,0
38657,22760,3
38736,16318,1
38735,16797,2
30964,22765,1
23305,22750,0
14904,22776,2
836,22766,2
836,22773,3
30107,22771,1
30107,22759,0
34033,22782,3
1154,20143,1
836,16689,0
381,22797,1
18513,21719,0
18513,22795,1
38815,22795,3
14904,22807,0
38818,22795,2
38657,22814,1
1330,22813,2
26243,22811,1
37924,22762,1
37924,11024,0
37924,20213,0
34130,22831,1
17290,22828,5
14588,21982,0
38355,22832,0
30212,22825,3
2932,22058,0
38732,16247,1
20429,22831,1
836,22830,2
14675,22838,0
38884,22796,2
38887,22825,3
38887,22819,0
38887,22816,1
38887,22813,0
38887,22805,0
38892,22859,1
924,22828,3
14904,22863,1
38901,19541,0
37626,22616,3
38887,22828,2
33922,22874,1
27586,19541,0
35809,22888,1
35809,22884,0
17290,18890,0
14684,15075,1
108,20283,0
33812,22897,0
13748,22897,0
1330,22873,0
1330,22901,0
1330,22899,1
39007,22899,2
924,22795,0
33025,22795,2
38903,22871,1
30107,22916,1
39052,19370,3
8820,16416,-1
2515,10188,2
39071,22931,0
18418,22690,1
14588,13744,0
836,22945,2
1330,22881,0
1330,22536,3
30212,22945,1
381,22952,2
381,22944,1
39107,14999,0
39110,19681,1
39112,22962,1
33922,22960,0
17290,14999,0
836,22970,0
13748,22974,1
39112,22957,1
39160,10322,3
843,22690,0
33812,22968,1
39189,22731,2
836,22994,4
33812,22731,0
1330,23003,0
39208,23003,3
39218,19748,0
381,23014,1
39234,20033,2
14904,23020,3
14904,23017,3
39237,20415,1
28915,12343,0
8370,23018,2
38917,15148,1
28038,23017,1
39253,20054,2
34153,23037,1
34153,23016,1
34153,18934,1
39253,19614,2
14904,23043,0
34269,23036,2
39274,19357,0
17290,10856,0
17290,19357,1
38887,17382,1
38887,23059,0
38887,23050,0
9657,23055,2
39302,22939,1
39308,15056,3
39311,18848,2
381,23072,1
38887,23029,4
38887,23038,0
38887,22991,2
38887,22998,1
39319,23075,1
2515,20471,0
39328,22605,1
2515,130,0
2515,61,1
924,23017,1
2515,14187,1
27122,20165,2
27122,9909,1
27122,11852,1
27122,11042,0
27122,10127,0
27122,12443,0
836,23105,1
14904,23075,1
29217,23112,0
26173,13461,2
23708,23119,0
924,23123,1
924,23115,0
836,23124,1
836,23136,3
24895,23143,1
33600,23132,4
39442,761,2
15527,23146,1
35596,12532,2
381,23150,1
29644,12532,0
836,23156,1
30212,23165,0
30212,23164,1
13748,22430,1
18249,23129,4
9299,22536,2
1330,23158,1
1330,22984,0
1330,22306,0
1330,22301,1
39007,23183,4
2515,23183,7
13748,23185,1
34028,23185,0
39234,23165,0
39488,14222,0
39488,5893,1
39508,23066,1
30212,23202,1
39508,23202,0
24895,23201,1
39508,23196,1
31086,23213,4
381,23213,2
1330,6612,1
1330,10028,1
836,23211,3
20492,23221,1
16338,17776,1
2515,23219,3
39538,23202,0
33738,22981,1
39508,23230,5
1330,23236,0
836,23193,2
13748,23254,4
836,23254,0
836,23257,0
21,23250,1
38892,23262,2
8820,23254,0
30567,23264,1
39624,23245,1
18903,23259,2
29575,23264,7
924,23165,0
18249,23276,0
3410,23268,0
13727,23262,1
30212,23286,1
11080,23287,1
11080,23285,1
38657,23287,3
10216,23277,0
836,23291,1
381,23069,1
14675,23309,2
18574,23306,2
39640,23276,0
836,23309,1
37330,23297,0
4868,23313,1
39663,23326,1
39663,23322,1
39708,6107,1
30212,23323,1
836,23334,0
39722,15553,0
23759,9134,3
33237,23338,2
2515,23338,3
836,23344,1
39653,23268,2
9123,23341,4
27983,23350,1
39757,16219,0
38145,22136,3
38145,23268,0
37626,6908,0
27983,23362,2
31188,17294,0
39716,20340,1
39513,10000,0
25104,23341,1
17538,23378,6
38145,326,1
14904,23384,3
29217,23383,1
1330,23382,2
924,23354,1
39513,23383,2
39811,19124,1
843,9249,1
39815,8941,2
836,23317,0
38145,19124,2
38145,155,2
38145,410,1
14913,23411,4
38145,23411,3
30212,23392,0
39845,23341,2
39845,23416,1
15527,23388,1
19161,23423,1
9123,23427,3
12942,23430,5
18375,23429,4
30392,16584,0
836,23443,1
13727,23378,1
39918,23445,1
17959,23449,0
39920,14474,0
39853,2618,0
14675,23457,1
39198,23461,3
836,23462,2
29026,23233,1
30212,23432,1
10216,23472,2
39814,23402,0
16220,23427,0
836,23477,0
18375,23481,1
39963,17710,4
12942,23489,4
30212,23498,1
18375,23493,5
30212,23491,1
12942,23491,1
30712,23484,0
836,23510,0
1330,23513,1
14904,23516,1
10216,17710,0
10216,23521,1
19212,23504,1
30107,23492,0
30107,23517,0
14904,23531,1
14904,23535,2
8370,23540,2
8370,23534,0
836,23486,2
12942,23534,1
12942,23538,0
30542,23475,0
16647,6107,2
4868,23504,0
21608,23553,1
38145,21982,1
30107,23539,0
836,23565,2
25157,19765,0
13748,23571,1
30212,23572,0
9123,23519,-1
25157,8460,1
27038,22387,3
40058,22303,3
30212,23554,1
40002,23509,1
12942,23577,1
2515,22037,0
33812,23591,0
9123,23593,1
40166,23595,2
9123,23600,1
16487,23600,1
30107,23607,2
18375,20271,1
40184,12830,3
24885,23618,0
39547,23586,1
38892,23623,1
13727,23613,1
40210,13461,1
32745,23614,4
21608,23638,4
34028,23639,0
10216,23642,0
32762,19099,1
25157,23523,1
40235,10558,1
836,23648,2
30212,23651,2
30107,23616,0
33812,23657,1
12942,22828,3
37059,23634,0
39820,10898,3
40147,4957,0
40285,23674,1
8820,23614,2
23305,23666,4
20492,23668,1
40296,17767,1
26562,23671,0
40270,23662,2
28780,23685,1
36977,23687,1
14675,23692,3
836,23690,1
40285,23697,0
33812,23703,1
34130,22781,1
14904,22781,1
14904,23709,1
40378,23713,0
12942,20421,0
12942,23706,0
18722,23713,1
40385,23706,0
40385,23651,1
1330,23651,0
40391,23726,1
21433,23729,1
40399,6513,1
40384,23734,3
39934,20403,2
40407,23740,1
40407,23739,2
14675,23739,6
15946,23745,0
40413,23615,2
40415,5178,0
14675,23750,2
40424,23728,-1
40400,23754,3
21608,23757,1
40443,23713,-1
28780,23764,0
1077,23761,2
40453,23761,2
30107,23774,1
40457,16921,2
33812,23774,0
471,23774,5
18434,22491,0
18434,12077,0
39081,23652,0
13748,23789,6
40331,23796,2
38887,10339,1
30335,23783,1
8660,12830,1
381,23812,1
13736,23812,1
836,23820,1
39234,23793,0
39234,23591,0
8878,23814,0
14675,20505,1
14675,23832,1
13748,23831,4
836,23837,3
836,23844,2
40563,21759,3
924,23841,1
38892,23850,0
471,23806,1
14675,23848,3
26788,23793,1
26788,23803,0
1330,19782,2
39234,23862,0
40331,23803,0
40615,23728,4
20894,23696,2
33738,23868,2
30114,23884,0
38226,23881,2
40656,23881,0
14284,11118,9
13727,23898,3
14588,23872,1
40694,6964,3
38226,23894,1
40693,23894,1
40656,23736,1
30964,23796,0
21232,23906,0
16853,23789,13
30335,23912,2
1330,23736,1
31046,23911,2
14675,23911,3
40723,13966,1
381,23823,0
14675,23935,3
40331,23933,2
40760,14273,1
1330,23933,-1
40767,14273,1
23305,23901,1
924,23932,1
14675,23954,6
2932,17124,0
924,23872,0
38226,23966,2
836,23968,2
13748,23973,2
1424,23922,5
40818,19538,1
29575,23927,1
21608,23990,2
40851,21678,0
39934,23969,2
15250,17759,2
40871,17759,0
17538,24002,3
40857,23999,2
4766,11921,0
33812,24013,1
20372,21974,0
33812,24010,2
40857,24022,1
8752,23895,2
40899,23965,0
40857,24019,0
40905,17891,0
32860,24020,1
13727,24029,1
14904,24038,3
39234,24038,2
39234,24041,1
39234,22581,5
33812,24041,2
33812,24047,0
40942,10301,0
40853,22,0
40949,15989,0
33812,24054,1
33812,24061,1
10216,23890,1
9123,24072,1
836,24063,1
29801,24076,1
40767,13564,2
1330,24081,4
1330,24084,1
37376,24067,1
33812,24067,1
33812,24088,1
41024,10188,0
33812,24093,1
41029,24093,1
28328,24093,2
41031,24080,1
37376,11129,0
28328,1213,0
41004,24082,1
15250,24068,1
41047,23159,4
41051,18903,2
41058,24081,5
37626,24109,3
40693,23894,0
28713,24057,1
19161,24120,3
26562,24137,3
41109,14957,0
37626,24151,1
29781,24137,2
41096,17099,0
33812,24160,3
33812,24157,0
33812,24167,0
29781,24161,0
29575,24174,0
24162,24108,2
24162,24176,4
39234,24180,2
39513,24169,0
924,24054,1
41181,16704,1
41185,16422,1
33812,24190,0
13748,24193,2
27665,24194,1
41202,15882,0
3410,8213,1
36977,24167,5
40767,19976,1
41155,24179,0
39234,24213,2
14588,23596,0
39234,24214,1
14588,22643,0
13727,24189,1
201,16872,0
40767,17370,1
23495,24227,2
41240,24202,2
40457,22556,2
23495,24232,0
41254,24102,1
201,24243,3
201,24242,2
1029,24241,2
1029,24223,1
41240,24239,1
924,24203,4
201,23376,5
28175,24260,0
41034,21955,1
30754,24183,0
18434,24264,1
1029,24263,1
27665,24276,1
1029,24271,0
9420,24276,1
30982,24275,1
13727,24253,2
24162,24186,2
18434,24290,0
1029,24298,2
15412,24280,0
10169,4836,1
16853,24109,0
14675,24296,0
41204,24239,1
836,24319,1
37776,24312,3
41389,10844,0
29451,24328,1
24162,24324,4
29451,24323,0
29451,24303,1
29451,24320,1
29451,24315,2
26562,24335,1
26562,24339,3
41240,24320,1
33738,24000,0
18540,14984,2
24162,18840,0
41416,19895,3
41421,24327,-1
38892,24352,3
38892,24351,1
41240,24315,3
38472,22587,2
24162,23603,4
24818,24363,0
41446,20016,1
2511,24369,0
29781,23650,0
24593,24372,1
26562,24379,4
26562,24380,2
26562,24370,1
924,24379,1
18513,20275,0
13727,24392,5
836,24369,0
41482,16807,2
21608,24376,1
14904,24403,2
14904,24401,1
2511,24408,1
29451,24396,1
41509,5443,1
29451,24259,1
836,24414,2
29451,24421,1
25157,24352,1
33202,24401,0
41525,15524,2
41525,23400,1
41525,15694,1
41525,12721,1
41525,24403,0
41525,24275,0
41529,20019,0
41525,24425,1
39624,17299,0
39624,23100,0
21608,24426,1
924,24380,0
41525,24442,0
24162,24405,4
41539,17299,0
17208,24440,2
9518,24452,14
28175,24452,1
24162,24400,1
29451,24452,1
41571,24463,-1
26562,24459,2
41525,22037,0
41525,22047,1
41525,24449,1
41525,24469,1
41525,24417,0
40853,22828,2
29451,24480,1
41602,24483,1
9518,24482,0
38887,24479,1
38887,24452,4
38887,24466,0
41611,8286,1
38887,24392,2
38887,24379,0
38887,24408,1
26562,24494,2
41618,19241,0
41617,18154,0
33202,14524,1
23305,24503,1
40853,17927,-1
924,24502,1
8820,24484,2
14904,24510,0
836,24507,1
27665,24511,5
38887,24511,10
12341,2395,0
12341,24477,0
38887,17927,1
24162,6899,1
1424,23437,3
1424,24530,1
9518,24534,5
28175,24534,5
381,23437,2
41663,24511,1
21406,12883,0
41525,24500,1
41675,18042,0
41525,24474,2
41525,24330,0
41525,24550,1
40853,24549,1
1426,24552,0
41525,24560,0
1424,24552,1
14904,24565,2
14904,24570,3
14904,24571,1
21608,24557,0
836,24543,2
41705,13461,1
26562,24579,0
20572,24573,0
1330,24580,0
21024,24577,0
1330,24560,0
1330,24567,0
1330,19191,0
1330,24497,0
836,24592,4
41733,15032,2
836,24598,2
40853,13032,2
41752,24611,1
41491,24610,0
27962,24614,0
40853,24607,1
41764,989,0
38892,24620,3
24162,22968,0
24162,24615,1
24162,24599,0
24162,24595,0
9935,24609,4
38657,24637,0
28917,24637,0
41240,24637,0
38657,24644,4
38892,24631,1
20572,24644,2
41525,24644,2
20572,24637,0
41525,24643,1
33922,24633,1
29587,24651,1
14904,24656,1
4868,24658,0
40853,24651,1
40853,24610,0
40853,24615,1
13748,24657,0
27665,24660,0
21608,24660,0
41525,24670,0
41816,23489,2
29217,24609,0
26761,24670,0
8752,24690,2
24162,24583,0
27665,24685,0
836,24694,5
41843,20296,2
41847,24685,0
41847,24676,0
40853,24697,1
41854,24679,2
41854,24429,0
40853,24672,0
13727,24710,3
40853,24678,1
29587,24689,0
40853,24667,1
29217,24702,0
29451,24727,0
41886,24729,3
41886,24728,6
29451,24734,1
41886,24722,2
41525,24738,3
41525,24739,0
41525,24728,3
40853,24738,1
40853,24734,1
39845,18848,1
39845,24738,0
40853,697,0
40853,24727,0
40853,24725,1
41886,24740,0
38887,24723,2
40853,23591,0
8878,24750,0
24162,24759,1
24162,24766,0
24162,24765,1
24162,24690,0
41886,24752,4
29451,20245,0
41886,24764,1
41886,24760,5
29781,23814,3
23305,24787,1
40853,24786,2
41960,11962,1
41886,24780,2
41525,24794,3
40853,24752,0
40853,24760,0
41965,16318,1
201,19988,0
201,19774,1
29781,24232,0
20572,23850,0
40853,24804,1
24162,24804,1
40029,24725,0
41886,24818,1
20492,24794,1
41985,22853,2
24162,937,1
42002,24817,1
40853,24827,0
40853,24831,1
40853,24835,0
41886,24800,1
41886,24678,1
41886,24841,0
40853,24843,1
40853,24845,0
41525,24843,0
29781,24678,1
41525,24839,0
14904,24845,0
27613,24809,0
2932,24853,1
41886,24858,1
24162,8457,1
42042,23376,2
41886,24864,1
26243,24855,2
26243,24868,0
42044,20303,1
13335,24872,1
836,24875,0
40853,24880,2
14675,24878,9
40853,24882,1
13748,24876,2
17959,24889,-2
27665,24889,0
1330,24497,0
40853,24893,1
836,24896,1
40853,24896,0
42058,24889,0
2968,24607,0
42074,24843,1
40750,24905,1
40750,24906,1
40853,24905,1
40750,24867,0
40853,24867,0
41886,24915,0
40750,24893,0
24162,24907,3
836,24921,2
836,24928,1
924,24923,1
40750,24380,-2
39820,24854,0
41886,24937,1
13603,19346,2
2511,11404,0
20572,11314,0
40853,24929,0
26019,17191,0
9114,24937,0
42074,24719,0
42134,8869,0
42139,12554,1
41886,24950,1
924,24944,0
41525,24952,0
40853,24971,1
40853,24975,1
40853,24978,1
924,24971,1
40853,24949,0
14588,24978,1
2532,24983,0
41886,24987,4
14904,24990,0
40853,24989,0
40853,24998,0
41886,25000,0
32296,24998,2
40853,25005,0
8820,17079,0
16401,25004,0
42239,16174,0
16401,25005,0
27665,25015,2
23305,24987,2
10904,21676,0
20492,25011,1
41306,24872,0
836,25024,3
41886,25006,2
13603,11134,1
10975,24966,0
41886,25032,1
40853,25002,0
41728,25004,0
40853,25037,0
40853,25036,0
40853,24945,0
33183,24878,2
6550,25038,0
41366,24939,0
14904,25046,1
29064,25053,1
26243,25053,1
26243,25056,2
26243,14805,1
836,25062,5
14588,25056,1
29064,25071,1
8465,25073,3
28175,25081,0
42354,21758,0
42354,9815,0
42354,10328,0
42353,25051,0
1330,22725,4
40853,25090,0
42229,25056,0
836,25097,3
24162,24986,2
42385,23754,1
1330,25068,1
1330,25093,2
381,25108,3
1330,25080,1
1330,14282,0
1330,6030,0
11061,25099,0
42399,24909,1
13952,25108,7
29781,25118,2
42248,25122,0
27665,25124,0
40853,25126,2
40853,25104,1
42401,25130,1
1029,25126,0
42450,25121,1
28175,25082,1
27537,25124,0
14904,25141,0
42460,4980,0
39208,25122,0
14904,25127,1
14904,25029,2
24885,25152,0
30982,25148,1
40853,25139,0
42248,25082,0
108,25158,0
27537,25166,1
27537,25174,0
29064,25176,0
30507,25174,0
40182,25150,0
41886,25180,1
29781,25180,0
41728,25180,1
42518,25151,2
27665,25191,0
924,25188,0
40853,25195,2
40853,25198,2
20492,25184,1
41728,25195,2
836,25201,1
40853,25206,0
836,25209,1
381,25220,0
41886,25219,3
42593,6676,1
26243,25119,2
42595,16890,1
40853,25232,1
41728,25224,1
40853,25221,0
18626,25209,1
29959,25216,0
836,25231,0
26243,25242,1
14675,25241,2
42622,25252,0
14904,25253,2
34028,25252,0
42637,6508,2
28175,25267,0
28175,25268,1
20492,25266,1
42657,17624,1
42668,10179,1
14904,25282,1
28175,25276,0
41728,25281,1
42622,25276,1
42622,25281,1
20492,25281,1
25289,5737,0
13748,25289,1
836,25293,1
42688,19241,1
41728,25296,0
41728,25298,1
42515,25235,0
42696,9344,1
24593,25221,0
42657,25224,0
29781,21638,0
31582,25309,0
31582,24276,0
42712,24446,2
28175,25317,2
18626,25259,1
41728,25324,0
42756,15526,0
